OFF_FISICO,OFF_SPECIALE,TANK_FISICO,TANK_SPECIALE,Cluster,TOT,OFF_MEDIA,TANK_MEDIA,Count
102.6285714285714,97.02857142857142,104.32653061224488,100.58367346938775,0,404.5673469387755,99.82857142857142,102.45510204081631,245
215.55405405405406,214.04054054054052,182.40540540540542,185.71621621621622,1,797.7162162162163,214.7972972972973,184.06081081081084,74
169.3855421686747,166.76506024096386,137.68072289156626,140.66265060240963,2,614.4939759036145,168.07530120481928,139.17168674698794,166
137.05217391304348,122.5391304347826,191.3304347826087,183.63478260869567,3,634.5565217391304,129.79565217391303,187.48260869565217,115
